ORF,GENE,FitnessHI
YKL054C,VID31     ,0.975
YDR394W,RPT3      ,0.972
YFR004W,RPN11     ,0.971
YGR255C,COQ6      ,0.96
YEL034W,HYP2      ,0.975
YDR429C,TIF35     ,0.944
YPL237W,SUI3      ,0.942
YJR007W,sui2      ,0.91
YMR309C,nip1      ,0.866
YLR249W,yef3      ,0.977
YJL102W,MEF2      ,0.938
YPL202C,YPL202C   ,0.972
YDR145W,TAF61     ,0.971
YBR198C,TAF90     ,0.964
YBR154C,rpb5      ,0.917
YPR187W,RPO26     ,0.893
YOR224C,rpb8      ,0.877
YHR143W-A,RPC10     ,0.844
YDR308C,SRB7      ,0.969
YJL140W,RPB4      ,0.95
YDR404C,rpb7      ,0.94
YIL021W,RPB3      ,0.917
YIR005W,IST3      ,0.964
YDL043C,prp11     ,0.952
YBR265W,TSC10     ,0.946
YHR062C,RPP1      ,0.977
YKL009W,MRT4      ,0.958
YNL061W,NOP2      ,0.933
YNL075W,IMP4      ,0.966
YLR197W,SIK1      ,0.961
YHR148W,IMP3      ,0.96
YPR137W,RRP9      ,0.943
YBR279W,PAF1      ,0.965
YPR133C,YPR133C   ,0.952
YOR206W,YOR206W   ,0.96
YPL093W,NOG1      ,0.953
YNR053C,YNR053C   ,0.975
YPR016C,TIF6      ,0.945
YFR001W,LOC1      ,0.962
YNL110C,YNL110C   ,0.944
YLR009W,YLR009W   ,0.942
YHR170W,NMD3      ,0.938
YDR184C,ATC1      ,0.976
YER165W,PAB1      ,0.964
YPL235W,RVB2      ,0.926
YLR403W,SFP1      ,0.965
YNR016C,ACC1      ,0.978
YML031W,ndc1      ,0.947
YMR091C,NPL6      ,0.939
YDR212W,tcp1      ,0.964
YJR064W,CCT5      ,0.957
YDR188W,CCT6      ,0.951
YDL143W,CCT4      ,0.942
YJL014W,CCT3      ,0.93
YIL142W,CCT2      ,0.887
YJL111W,CCT7      ,0.881
YBR173C,UMP1      ,0.958
YBR048W,RPS11B    ,0.973
YLR167W,RPS31     ,0.973
YGR214W,RPS0A     ,0.969
YML024W,RPS17A    ,0.962
YGR118W,RPS23A    ,0.959
YBR189W,RPS9B     ,0.959
YJR145C,RPS4A     ,0.958
YEL054C,RPL12A    ,0.95
YLR448W,RPL6B     ,0.95
YNL178W,RPS3      ,0.95
YKR094C,RPL40B    ,0.943
YGL123W,RPS2      ,0.942
YDL130W,RPP1B     ,0.941
YDR025W,RPS11A    ,0.939
YDR382W,RPP2B     ,0.936
YML073C,RPL6A     ,0.921
YPR132W,RPS23B    ,0.92
YGL030W,RPL30     ,0.907
YIL148W,RPL40A    ,0.904
YPL131W,RPL5      ,0.892
YDL081C,RPP1A     ,0.892
YDR418W,RPL12B    ,0.848
YOL127W,RPL25     ,0.818
YGR034W,RPL26B    ,0.977
YLR441C,RPS1A     ,0.976
YDR405W,MRP20     ,0.975
YGR148C,RPL24B    ,0.971
YNL096C,RPS7B     ,0.97
YGL031C,RPL24A    ,0.969
YPR043W,RPL43A    ,0.967
YDL136W,RPL35B    ,0.966
YLR388W,RPS29A    ,0.965
YLR185W,RPL37A    ,0.965
YMR230W,RPS10B    ,0.96
YLR287C-A,RPS30A    ,0.959
YBR084C-A,RPL19A    ,0.958
YDL082W,RPL13A    ,0.957
YDR471W,RPL27B    ,0.955
YPL090C,RPS6A     ,0.952
YOL121C,RPS19A    ,0.951
YHR203C,RPS4B     ,0.95
YER056C-A,RPL34A    ,0.948
YBL027W,RPL19B    ,0.947
YDR450W,RPS18A    ,0.944
YIL018W,RPL2B     ,0.943
YML063W,RPS1B     ,0.937
YJL136C,RPS21B    ,0.934
YDL061C,RPS29B    ,0.926
YMR143W,RPS16A    ,0.925
YER117W,RPL23B    ,0.923
YOR312C,RPL20B    ,0.923
YOR293W,RPS10A    ,0.917
YMR242C,RPL20A    ,0.912
YBR191W,RPL21A    ,0.909
YHL015W,RPS20     ,0.907
YHR021C,RPS27B    ,0.905
YER074W,RPS24A    ,0.904
YLR061W,RPL22A    ,0.897
YCL037C,SRO9      ,0.893
YDR064W,RPS13     ,0.893
YNL069C,RPL16B    ,0.887
YDL191W,RPL35A    ,0.886
YKL006W,RPL14A    ,0.883
YOR096W,RPS7A     ,0.872
YKL180W,RPL17A    ,0.866
YIL052C,RPL34B    ,0.865
YOL120C,RPL18A    ,0.865
YDL075W,RPL31A    ,0.861
YHR010W,RPL27A    ,0.85
YMR142C,RPL13B    ,0.847
YJR123W,RPS5      ,0.846
YOL040C,RPS15     ,0.843
YJL189W,RPL39     ,0.84
YPL143W,RPL33A    ,0.812
YBR156C,SLI15     ,0.959
YGR274C,TAF145    ,0.943
YBR247C,ENP1      ,0.965
YML093W,YML093W   ,0.97
YMR093W,YMR093W   ,0.961
YLR222C,YLR222C   ,0.958
YDR324C,YDR324C   ,0.955
YDR449C,YDR449C   ,0.944
YHR196W,YHR196W   ,0.94
YAR002W,NUP60     ,0.896
YIR009W,MSL1      ,0.969
YLR275W,SMD2      ,0.954
YPR131C,NAT3      ,0.932
YGL092W,NUP145    ,0.976
YFR002W,NIC96     ,0.959
YKL057C,NUP120    ,0.862
YPL169C,MEX67     ,0.955
YLR115W,CFT2      ,0.962
YMR061W,RNA14     ,0.935
YNL118C,DCP2      ,0.973
YBR236C,ABD1      ,0.978
YML085C,TUB1      ,0.921
YFL008W,smc1      ,0.917
YNL126W,SPC98     ,0.961
YHR172W,SPC97     ,0.941
YER133W,GLC7      ,0.977
YIL126W,STH1      ,0.96
YBR133C,HSL7      ,0.925
YCR057C,PWP2      ,0.972
YER157W,SEC34     ,0.928
YPR181C,SEC23     ,0.864
YIR006C,PAN1      ,0.957
YHR081W,YHR081W   ,0.977
YBL023C,mcm2      ,0.975
YBR202W,CDC47     ,0.955
YNL216W,rap1      ,0.977
YCR052W,RSC6      ,0.975
YPR034W,ARP7      ,0.964
YFL039C,act1      ,0.866
YBR078W,ECM33     ,0.949
YDR359C,VID21     ,0.974
YEL035C,UTR5      ,0.971
YPL146C,YPL146C   ,0.971
YDR367W,YDR367W   ,0.963
YBR267W,YBR267W   ,0.96
YHR168W,YHR168W   ,0.928
YDL193W,YDL193W   ,0.898
YHR011W,DIA4      ,0.969
YGR095C,RRP46     ,0.967
YGR158C,MTR3      ,0.96
YCR035C,RRP43     ,0.957
YOL021C,DIS3      ,0.95
YHR069C,RRP4      ,0.902
